{
  "timestamp": "2026-03-30T15:04:21.466343",
  "config": {
    "agents": 1000,
    "seed": 42,
    "wind": true,
    "world_size": 10000.0,
    "dt": 0.1,
    "max_time": 600.0,
    "preferred_speed": 15.0,
    "collision_dist": 3.0
  },
  "results": [
    {
      "algorithm": "No-Control",
      "complexity": "O(1)",
      "total_collisions": 186,
      "collision_rate": 0.186,
      "success_rate": 0.867,
      "makespan": 599.3000000000677,
      "avg_arrival_time": 333.51314878894374,
      "avg_speed_utilization": 0.9177619431521811,
      "computation_time": 0.0042943001026287675,
      "total_sim_time": 1.4164222999970661,
      "steps": 6000
    },
    {
      "algorithm": "FCFS",
      "complexity": "O(N log N)",
      "total_collisions": 173,
      "collision_rate": 0.173,
      "success_rate": 0.869,
      "makespan": 599.0000000000676,
      "avg_arrival_time": 336.1866513233771,
      "avg_speed_utilization": 0.914305440970814,
      "computation_time": 22.501416400365997,
      "total_sim_time": 24.47257929999614,
      "steps": 6000
    },
    {
      "algorithm": "VO-Speed-Only (SSD)",
      "complexity": "O(N log N)",
      "total_collisions": 127,
      "collision_rate": 0.127,
      "success_rate": 0.865,
      "makespan": 598.3000000000675,
      "avg_arrival_time": 334.1203468208257,
      "avg_speed_utilization": 0.9138516460716964,
      "computation_time": 45.43633240064082,
      "total_sim_time": 47.33692490000976,
      "steps": 6000
    },
    {
      "algorithm": "ORCA-Projected",
      "complexity": "O(N log N)",
      "total_collisions": 113,
      "collision_rate": 0.113,
      "success_rate": 0.869,
      "makespan": 598.9000000000676,
      "avg_arrival_time": 335.59976985041953,
      "avg_speed_utilization": 0.9145359570230368,
      "computation_time": 81.70941390024382,
      "total_sim_time": 83.6221033000038,
      "steps": 6000
    }
  ]
}